{
  "project_info": {
    "project_number": "988638593068",
    "project_id": "projeto-integrador-3-415419",
    "storage_bucket": "projeto-integrador-3-415419.appspot.com"
  },
  "client": [
    {
      "client_info": {
        "mobilesdk_app_id": "1:988638593068:android:4b748552c362181d055189",
        "android_client_info": {
          "package_name": "com.example.projetointegrador3"
        }
      },
      "oauth_client": [],
      "api_key": [
        {
          "current_key": "AIzaSyAmcV3Bj1cHo7DryxQ-zOYKZW7uOpk3oCE"
        }
      ],
      "services": {
        "appinvite_service": {
          "other_platform_oauth_client": []
        }
      }
    }
  ],
  "configuration_version": "1"
}